{
    "foreground_intensity_properties_per_channel": {
        "0": {
            "max": 185.0,
            "mean": 62.081520080566406,
            "median": 53.0,
            "min": 7.0,
            "percentile_00_5": 15.0,
            "percentile_99_5": 133.0,
            "std": 33.36235046386719
        }
    },
    "median_relative_size_after_cropping": 1.0,
    "shapes_after_crop": [
        [
            1427,
            512,
            512
        ],
        [
            1468,
            512,
            512
        ],
        [
            1248,
            512,
            512
        ]
    ],
    "spacings": [
        [
            0.4000000059604645,
            0.765625,
            0.765625
        ],
        [
            0.4000000059604645,
            0.578125,
            0.578125
        ],
        [
            0.4000000059604645,
            0.630859375,
            0.630859375
        ]
    ]
}